symbol,name,summary,currency,sector,industry_group,industry,exchange,mic,market,country,state,city,zipcode,website,market_cap,isin,cusip,figi,composite_figi,shareclass_figi,delisted
AAAP-GB.AQ,ANGLO AFRICAN AGRI,"ANGLO AFRICAN AGRICULTURE PLC focuses on investing in and operating agricultural and related businesses, primarily in Africa. The company aims to create value by improving agricultural yields and processing capabilities, contributing to food security and economic development in the region. Headquartered in the UK, it explores opportunities in diverse agricultural sectors.",GBP,Consumer Staples,"Food, Beverage & Tobacco",,AQS,AQXE,Aquis Exchange,,,,,,,,,,,,False
AAU-GB.AQ,ARIANA RESOURCES,"Ariana Resources is a gold exploration and development company. The company is focused on advancing its portfolio of projects in Turkey, including the Kiziltepe Sector of the Red Rabbit Project. Ariana Resources is based in the United Kingdom.",GBP,Materials,Materials,,AQS,AQXE,Aquis Exchange,,,,,,,,,,,,False
AAZ-GB.AQ,ANGLO ASIAN MINING,"Anglo Asian Mining PLC is a gold, copper, and silver producer with a portfolio of production and exploration assets in Azerbaijan. The company is focused on increasing production and reserves at its existing mines and developing new projects. Anglo Asian Mining is headquartered in London, United Kingdom.",GBP,Materials,Materials,,AQS,AQXE,Aquis Exchange,,,,,,,,,,,,False
ABBY-GB.AQ,ABBEY,,GBP,,,,AQS,AQXE,Aquis Exchange,,,,,,,,,,,,False
ABC-GB.AQ,Abcam plc,"Abcam plc, a life sciences company, researches, develops, and distributes biological reagents and tools for research, drug discovery, and diagnostics in the United States, China, Japan, Europe, the Middle East, Africa, and rest of Asia Pacific. The company offers various research products, including primary and secondary antibodies; ELISA and matched antibody pairs; cell and tissue imaging tools; cellular and biochemical assays; proteins and peptides; proteomics tools; agonists, antagonists, activators, and inhibitors; lysates; and multiplex assays. Its research products are used in the areas of cancer, cardiovascular, cell biology, developmental biology, epigenetics, nuclear signaling, immunology, metabolism, microbiology, neuroscience, signal transduction, and stem cells. Further, the company offers diagnostic and therapeutic solutions. The company also sells its products online. Abcam plc was founded in 1998 and is headquartered in Cambridge, the United Kingdom.",GBP,Health Care,"Pharmaceuticals, Biotechnology & Life Sciences",Biotechnology,AQS,AQXE,Aquis Exchange,United Kingdom,,Cambridge,CB2 0AX,http://www.abcam.com,Mid Cap,,,,,,True
ABDP-GB.AQ,AB DYNAMICS PLC,"AB Dynamics PLC provides advanced testing and measurement systems to the global automotive industry. They specialize in solutions for vehicle dynamics, suspension, and advanced driver assistance systems (ADAS) testing, with headquarters in the United Kingdom.",GBP,Industrials,Capital Goods,,AQS,AQXE,Aquis Exchange,,,,,,,,,,,,False
ADB.AQ,ADNAMS PLC,"Adnams PLC is a British brewery, pub owner, and retailer, producing a range of beers, spirits, and wines, and operating pubs and hotels primarily in East Anglia, UK",GBP,Consumer Staples,"Food, Beverage & Tobacco",,AQS,AQXE,Aquis Exchange,United States,,,,,,,,,,,False
AFHP-GB.AQ,AFH FINANCIAL GROU,,GBP,,,,AQS,AQXE,Aquis Exchange,,,,,,,,,,,,False
AFRI.AQ,APOLLON FORMULARIE,,GBP,,,,AQS,AQXE,Aquis Exchange,Gibraltar,,,,,,,,,,,False
AGTA-GB.AQ,AGRITERRA LTD,,GBP,,,,AQS,AQXE,Aquis Exchange,,,,,,,,,,,,False
AIEA-GB.AQ,AIREA,,GBP,,,,AQS,AQXE,Aquis Exchange,,,,,,,,,,,,False
ALNA-GB.AQ,ALINA HOLDINGS PLC,,GBP,,,,AQS,AQXE,Aquis Exchange,,,,,,,,,,,,False
ALSP.AQ,,,,,,,AQS,AQXE,Aquis Exchange,,,,,,,,,,,,False
AMC-GB.AQ,AMUR MINERALS CORP,Amur Minerals Corporation is a resource exploration and development company focused on base metal assets in the Far East of Russia. The company is dedicated to discovering and developing commercially viable copper-nickel sulphide deposits. Their primary asset is the Kun-Manie project.,GBP,Materials,Materials,,AQS,AQXE,Aquis Exchange,,,,,,,,,,,,False
AMO-GB.AQ,AMINO TECHNOLOGIES,"Amino Technologies, headquartered in Cambridge, UK, develops and markets digital entertainment solutions, including set-top boxes and software, that enable network operators to deliver TV, video and other media services to the home. Its solutions support a range of delivery platforms, including IPTV, cable, and satellite.",GBP,Information Technology,Semiconductors & Semiconductor Equipment,,AQS,AQXE,Aquis Exchange,,,,,,,,,,,,False
ANA.AQ,ANANDA DEV.PLC,"ANANDA DEV.PLC is likely a development company based in Sri Lanka. It is involved in developing properties, infrastructure or other types of projects. More information is needed to determine the specific nature of its operations and projects.",GBP,,,,AQS,AQXE,Aquis Exchange,Spain,,,,,,,,,,,False
ANCR-GB.AQ,ANIMALCARE GROUP,"ANIMALCARE GROUP is a veterinary pharmaceutical company. They are focused on developing, manufacturing, and marketing animal health products. The company likely operates in the United Kingdom.",GBP,Health Care,"Pharmaceuticals, Biotechnology & Life Sciences",,AQS,AQXE,Aquis Exchange,,,,,,,,,,,,False
ANIC-GB.AQ,Agronomics Limited,"Agronomics Limited, formerly known as Port Erin Biopharma Investments Limited, is a principal investment firm specializing in investments in funds, equity and equity related products. The firm invests in quoted and unquoted companies. It prefers to invest in the nascent industry of modern foods, biopharma sector and will establish a portfolio of investments in biotechnology and biopharmaceutical companies. The firm may also invest in shares of collective investment schemes with exposure to the biopharma sector and in long-term equity anticipation securities the underlying securities of which will be based on biopharma sector securities and/or indices relating to the biopharma Sector. It may invest in biopharma sector debt, where investments shall not exceed 15 per cent of the net asset value of the company. Agronomics Limited was founded on May 3, 2011 and is based in Douglas, Isle of Man.",GBP,Financials,Diversified Financials,Capital Markets,AQS,AQXE,Aquis Exchange,Isle of Man,,Douglas,IM1 1JA,http://www.agronomics.im,Micro Cap,IM00B6QH1J21,,,BBG0021B0YJ4,,False
ANR.AQ,ALTONA RARE EARTHS,ALTONA RARE EARTHS is a resource exploration company focused on identifying and developing rare earth element (REE) projects. The company is based in Australia and actively explores and evaluates potential rare earth deposits. The company is pursuing the exploration of critical minerals.,GBP,Materials,Materials,,AQS,AQXE,Aquis Exchange,Australia,,,,,,,,,,,False
APOL.AQ,APOLLON FORMULARIE,"APOLLON FORMULARIE is a Canadian pharmaceutical company focused on the development of cannabis-based medicines and formulations. The company is involved in research, development, and commercialization of cannabis-derived products for medical applications. They are based in Toronto, Canada.",GBP,Health Care,"Pharmaceuticals, Biotechnology & Life Sciences",,AQS,AQXE,Aquis Exchange,,,,,,,,,,,,False
APP-GB.AQ,APPRECIATE GROUP,"APPRECIATE GROUP is a UK-based company specializing in providing prepaid gift cards and vouchers, and employee reward and recognition programs. They work with businesses to deliver motivational and engagement solutions. The company is headquartered in Birkenhead, United Kingdom.",GBP,Consumer Discretionary,Retailing,,AQS,AQXE,Aquis Exchange,,,,,,,,,,,,False
ARBB.AQ,ARBUTHNOT BANKING,"Arbuthnot Banking Group PLC is a UK-based independent banking group that provides a range of financial services. The group operates through several divisions, including private banking, commercial banking, and asset management. Its headquarters are in London, United Kingdom.",GBP,Financials,Banks,,AQS,AQXE,Aquis Exchange,United Kingdom,,,,,,,,,,,False
ARBN.AQ,ARBUTHNOT BANKING,"Arbuthnot Banking Group PLC is a UK-based independent banking group that provides a range of financial services. The group operates through several divisions, including private banking, commercial banking, and asset management. Its headquarters are in London, United Kingdom.",GBP,Financials,Banks,,AQS,AQXE,Aquis Exchange,Switzerland,,,,,,GB00BZ15CS02,,BBG01J5QTKQ0,BBG01J5QTKP1,BBG00L4G09L0,False
ASC-GB.AQ,ASOS Plc,"ASOS Plc operates as an online fashion retailer in the United Kingdom, the United States, Australia, France, Germany, Spain, Italy, Sweden, the Netherlands, Denmark, Poland, and Russia. It offers womenswear and menswear products. The company sells approximately 85,000 products under the ASOS Design, ASOS Edition, ASOS 4505, and Collusion brands, a well as other global and local third-party brands products primarily through its website, asos.com, as well as through social media platforms. It is also involved in marketing staff employment and payment processing businesses. The company was founded in 2000 and is headquartered in London, the United Kingdom.",GBP,Consumer Discretionary,Retailing,Internet & Direct Marketing Retail,AQS,AQXE,Aquis Exchange,United Kingdom,,London,NW1 7FB,http://www.asosplc.com,Mid Cap,,,,,,False
ASMO.AQ,ALL STAR MINERALS,"ALL STAR MINERALS is likely a mining or exploration company focused on mineral resources. Without more information, the specific minerals, location, and stage of development are unknown. It is likely a smaller company operating in the resource sector.",GBP,Materials,Materials,,AQS,AQXE,Aquis Exchange,,,,,,,,,,,,False
ASTO-GB.AQ,ASSETCO PLC,"ASSETCO PLC is a UK-based investment company that focuses on acquiring and managing operating businesses. The company's strategy involves investing in companies with strong market positions and growth potential. ASSETCO PLC is based in Edinburgh, Scotland.",GBP,Financials,Banks,,AQS,AQXE,Aquis Exchange,,,,,,,,,,,,True
ASY-GB.AQ,ANDREWS SYKES GRP,"ANDREWS SYKES GRP is a UK-based industrial equipment rental company that specializes in providing temporary climate control and pumping solutions. The company rents out equipment such as portable air conditioners, chillers, heaters, and pumps. ANDREWS SYKES GRP is headquartered in Wolverhampton, United Kingdom.",GBP,Industrials,Capital Goods,,AQS,AQXE,Aquis Exchange,,,,,,,,,,,,False
AUG-GB.AQ,AUGEAN,"Augean is a UK-based waste management company specializing in the treatment and disposal of hazardous and difficult wastes. The company operates various treatment facilities and landfills across the UK, offering solutions for various industries. Augean is headquartered in Wetherby, United Kingdom.",GBP,Industrials,Commercial & Professional Services,,AQS,AQXE,Aquis Exchange,,,,,,,,,,,,False
AVON-GB.AQ,AVON RUBBER,"AVON RUBBER is a British engineering company specializing in the design and manufacture of high-performance rubber products. The company focuses on products for the defense, security, dairy, and transportation industries, including respiratory protection systems, armored vehicle components, and milking equipment. Avon Rubber is headquartered in Melksham, Wiltshire, United Kingdom.",GBP,Industrials,Capital Goods,,AQS,AQXE,Aquis Exchange,,,,,,,,,,,,False
AXS-GB.AQ,ACCSYS TECHNOLOGIE,"Accsys Technologies PLC is a company focused on the production and commercialization of sustainable wood building products. Their primary product is Accoya wood, a modified timber with enhanced durability and stability. The company is headquartered in Arnhem, Netherlands.",GBP,Materials,Materials,,AQS,AQXE,Aquis Exchange,,,,,,,,,,,,False
BARK-GB.AQ,BARKBY GROUP PLC,"BARKBY GROUP PLC is a United Kingdom-based holding company. The company focuses on acquiring and growing small and medium-sized enterprises across various sectors, including consumer and services.",GBP,Industrials,Commercial & Professional Services,,AQS,AQXE,Aquis Exchange,,,,,,,,,,,,False
BEG-GB.AQ,BEGBIES TRAYNOR GP,"Begbies Traynor Group PLC is a professional services consultancy, specializing in corporate recovery and insolvency. Headquartered in the United Kingdom, they provide advisory services to businesses facing financial distress.",GBP,Financials,Diversified Financials,,AQS,AQXE,Aquis Exchange,,,,,,,,,,,,False
BHC.AQ,Bausch Health Companies Inc.,,GBP,,,,AQS,AQXE,Aquis Exchange,Canada,,,,,,CA0717341071,,,,,False
BLCC.AQ,,,,,,,AQS,AQXE,Aquis Exchange,,,,,,,,,,,,False
BLTG-GB.AQ,BLANCCO TECHNOLOGY,,GBP,,,,AQS,AQXE,Aquis Exchange,,,,,,,,,,,,False
BLV-GB.AQ,BELVOIR GROUP PLC,"Belvoir Group PLC is a property franchise and financial services group operating in the UK. The company provides residential sales and lettings, property management, financial services and insurance. Belvoir Group PLC is headquartered in Grantham, UK.",GBP,Real Estate,Real Estate,,AQS,AQXE,Aquis Exchange,,,,,,,,,,,,True
BLVN-GB.AQ,BOWLEVEN,"Bowleven PLC is an Africa-focused oil and gas exploration company. They are engaged in the exploration and development of oil and gas assets, primarily in Cameroon. Bowleven PLC is based in London, UK.",GBP,Energy,Energy,,AQS,AQXE,Aquis Exchange,,,,,,,,,,,,False
BMS-GB.AQ,BRAEMAR SHIPPING,"Braemar Shipping Services PLC provides shipbroking, financial advisory, logistics and engineering services to the shipping and energy industries. The company operates globally, offering expertise in chartering, sale and purchase, risk management, and technical services. Braemar Shipping Services PLC serves a diverse range of clients, including shipowners, charterers, and energy companies.",GBP,Industrials,Transportation,,AQS,AQXE,Aquis Exchange,,,,,,,,,,,,False
BMY-GB.AQ,BLOOMSBURY PUBLISH,,GBP,,,,AQS,AQXE,Aquis Exchange,,,,,,,,,,,,False
BOD-GB.AQ,BOTSWANA DIAMONDS,Botswana Diamonds is a diamond exploration company focused on identifying and developing diamond resources primarily in Botswana. The company uses advanced exploration techniques to discover new diamond deposits. Its activities center around the search for economically viable diamond mines.,GBP,Materials,Materials,,AQS,AQXE,Aquis Exchange,,,,,,,,,,,,False
BOO-GB.AQ,boohoo group plc,"boohoo group plc, through its subsidiaries, operates as an online fashion retailer in the United Kingdom, rest of Europe, the United States, and internationally. The company designs, sources, markets, and sells clothing, shoes, accessories, and beauty products for 16 to 40 year old customers. boohoo group plc provides its products under the boohoo, boohooMAN, PrettyLittleThing, Nasty Gal, MissPap, Karen Millen, and Coast brands. The company was formerly known as boohoo.com plc and changed its name to boohoo group plc in July 2018. boohoo group plc was founded in 2006 and is headquartered in Manchester, the United Kingdom.",GBP,Consumer Discretionary,Retailing,Internet & Direct Marketing Retail,AQS,AQXE,Aquis Exchange,United Kingdom,,Manchester,M1 2HF,http://www.boohooplc.com,Mid Cap,,,,,,False
BOR-GB.AQ,BORDERS & STH PETR,,GBP,,,,AQS,AQXE,Aquis Exchange,,,,,,,,,,,,False
BPC-GB.AQ,CHALLENGER ENERGY,"Challenger Energy Group PLC is an oil and gas exploration and production company with assets in the Caribbean and South America. The company focuses on developing its existing assets and acquiring new opportunities in the region. Challenger Energy Group is headquartered in London, United Kingdom.",GBP,Energy,Energy,,AQS,AQXE,Aquis Exchange,,,,,,,,,,,,False
BVC-GB.AQ,BATM ADVANCED COMM,"BATM Advanced Communications Ltd. designs, develops, and manufactures data communications products for networking, telecom, and defense industries. The company provides solutions for network infrastructure, cybersecurity, and virtualization. BATM is headquartered in Hod HaSharon, Israel.",GBP,Information Technology,Technology Hardware & Equipment,,AQS,AQXE,Aquis Exchange,,,,,,,,,,,,False
BVXP-GB.AQ,BIOVENTIX PLC,"Bioventix PLC is a biotechnology company specialising in the development and commercial supply of high-affinity monoclonal antibodies, primarily used for clinical diagnostics. The company's products are used in tests for thyroid function, vitamin D, and other health conditions. Bioventix is based in Farnham, Surrey, UK.",GBP,Health Care,"Pharmaceuticals, Biotechnology & Life Sciences",,AQS,AQXE,Aquis Exchange,,,,,,,,,,,,False
BWAP.AQ,,,,,,,AQS,AQXE,Aquis Exchange,United Kingdom,,,,,,,,,,,False
BZT-GB.AQ,BEZANT RESOURCES,,GBP,,,,AQS,AQXE,Aquis Exchange,,,,,,,,,,,,False
CAD-GB.AQ,CADOGAN PETROLEUM,"CADOGAN PETROLEUM is an independent oil and gas company with operations in Ukraine, focusing on exploration, development, and production of oil and gas reserves. The company's head office is located in London, United Kingdom, and it primarily targets conventional and unconventional hydrocarbon resources. Cadogan Petroleum seeks to maximize shareholder value through efficient operations and strategic acquisitions in the Ukrainian energy sector.",GBP,Energy,Energy,,AQS,AQXE,Aquis Exchange,,,,,,,,,,,,False
CALL-GB.AQ,CLOUDCALL GROUP,"CLOUDCALL GROUP is a telecommunications company that provides cloud-based communication services and solutions for businesses. The company offers services such as VoIP, unified communications, and contact center solutions. Cloudcall Group is headquartered in Leicester, UK, and focuses on integrating communication tools with CRM platforms.",GBP,Communication Services,Telecommunication Services,,AQS,AQXE,Aquis Exchange,,,,,,,,,,,,False
CAML-GB.AQ,CENTRAL ASIA METAL,"Central Asia Metals is a copper producer with operations in Kazakhstan. The company extracts and processes copper cathode from its Kounrad and Sasa mines. Central Asia Metals is headquartered in London, United Kingdom.",GBP,Materials,Materials,,AQS,AQXE,Aquis Exchange,,,,,,,,,,,,False
CAR-GB.AQ,CARCLO,"CARCLO is a global provider of engineered solutions, manufacturing technical textiles, filtration products, and specialty coatings. The company operates through various divisions, serving industries such as automotive, aerospace, and healthcare. Carclo is headquartered in Ossett, United Kingdom, and focuses on innovation and delivering high-performance products.",GBP,Industrials,Capital Goods,,AQS,AQXE,Aquis Exchange,,,,,,,,,,,,False
CAU-GB.AQ,CENTAUR MEDIA,"Centaur Media PLC is a business information, insight and events group. The company provides expert content and services to professional and commercial audiences. Centaur Media is based in London, UK.",GBP,Communication Services,Media & Entertainment,,AQS,AQXE,Aquis Exchange,,,,,,,,,,,,False
CCAP-GB.AQ,,,,,,,AQS,AQXE,Aquis Exchange,,,,,,,,,,,,False
CCS-GB.AQ,CROSSWORD CYBERSEC,,GBP,,,,AQS,AQXE,Aquis Exchange,,,,,,,,,,,,False
CCT-GB.AQ,CHARACTER GROUP,,GBP,,,,AQS,AQXE,Aquis Exchange,,,,,,,,,,,,False
CDGP.AQ,CHAPEL DOWN GROUP,"CHAPEL DOWN GROUP is a British wine producer and brewer, specializing in English sparkling wine, still wine, and beer. The company owns vineyards and a brewery in Kent, England, producing a range of premium beverages. Chapel Down Group focuses on promoting English wine and beer on a national and international scale.",GBP,Consumer Staples,"Food, Beverage & Tobacco",,AQS,AQXE,Aquis Exchange,United Kingdom,,,,,,,,,,,False
CFCP.AQ,CAPITAL FOR COLLEA,,GBP,,,,AQS,AQXE,Aquis Exchange,,,,,,,,,,,,False
CGH-GB.AQ,CHAARAT GOLD HLDGS,,GBP,,,,AQS,AQXE,Aquis Exchange,,,,,,,,,,,,False
CIA.AQ,CLEAN INVEST AFRIC,,GBP,,,,AQS,AQXE,Aquis Exchange,Australia,,,,,,,,,,,False
CIC-GB.AQ,CONYGAR INVESTMENT,,GBP,,,,AQS,AQXE,Aquis Exchange,,,,,,,,,,,,False
CLIG-GB.AQ,CITY OF LON INV GP,,GBP,,,,AQS,AQXE,Aquis Exchange,,,,,,,,,,,,False
CLIN-GB.AQ,CLINIGEN GROUP PLC,"Clinigen Group plc is a global pharmaceutical services company with a focus on providing access to medicines. The company operates across three business segments: Clinical Trial Services, Idis Managed Access, and Idis Global Access. Clinigen Group is headquartered in Burton-on-Trent, United Kingdom.",GBP,Health Care,"Pharmaceuticals, Biotechnology & Life Sciences",,AQS,AQXE,Aquis Exchange,,,,,,,,,,,,False
COG-GB.AQ,CAMBRIDGE COGNITIO,,GBP,,,,AQS,AQXE,Aquis Exchange,,,,,,,,,,,,False
COIN.AQ,COINSILIUM GROUP,"Coinsilium Group Limited is a venture builder and investor focusing on early-stage blockchain technology companies. The company operates in the fintech sector, providing services such as initial coin offering (ICO) and security token offering (STO) advisory, as well as investing in blockchain-related startups. Coinsilium Group is headquartered in London, UK.",GBP,Financials,Diversified Financials,,AQS,AQXE,Aquis Exchange,United States,,,,,,,19260Q107,,,,False
COST-GB.AQ,COSTAIN GROUP,"Costain Group PLC is a British technology-based construction and engineering company. It provides services in the infrastructure, energy, and water sectors. The company is headquartered in Maidenhead, UK.",GBP,Industrials,Capital Goods,,AQS,AQXE,Aquis Exchange,,,,,,,,,,,,False
CPP-GB.AQ,CPPGROUP PLC,"CPPGROUP PLC provides assistance and insurance products and services. The company is headquartered in Leeds, UK and operates through various channels including partnerships and direct-to-consumer sales. Their services include insurance products for credit cards, mobile phones, and other personal possessions, as well as assistance services for travel and identity protection.",GBP,Financials,Insurance,,AQS,AQXE,Aquis Exchange,,,,,,,,,,,,False
CRCL-GB.AQ,CORCEL PLC,"Corcel PLC is an investment company, headquartered in London, UK, that focuses on investing in resource projects. The company is involved in identifying, evaluating, and investing in projects within the natural resources sector, particularly in the energy transition space. Corcel's aim is to create value for shareholders through strategic investments in resource exploration and development.",GBP,Energy,Energy,,AQS,AQXE,Aquis Exchange,,,,,,,,,,,,False
CRS-GB.AQ,CRYSTAL AMBER FUND,,GBP,,,,AQS,AQXE,Aquis Exchange,,,,,,,,,,,,False
CRW-GB.AQ,CRANEWARE PLC,,GBP,,,,AQS,AQXE,Aquis Exchange,,,,,,,,,,,,False
CSN-GB.AQ,CHESNARA,"Chesnara plc is a life insurance and pensions consolidator, acquiring and managing closed books of life assurance policies. The company focuses on cost efficiency and extracting value from acquired portfolios. Chesnara is headquartered in the United Kingdom.",GBP,Financials,Insurance,,AQS,AQXE,Aquis Exchange,,,,,,,,,,,,False
CTH-GB.AQ,CARETECH HOLDINGS,"CareTech Holdings PLC provides technology enabled care to children and adults with complex needs in the United Kingdom. They offer residential care, supported living, and specialist education services. The company is headquartered in Potters Bar, United Kingdom.",GBP,Health Care,Health Care Equipment & Services,,AQS,AQXE,Aquis Exchange,,,,,,,,,,,,False
CTO-GB.AQ,TCLARKE PLC,"TCLARKE PLC is a UK-based provider of building services, including mechanical, electrical, and plumbing (MEP) solutions. They offer design, installation, and maintenance services for commercial and industrial buildings. The company is headquartered in London, UK.",GBP,Industrials,Capital Goods,,AQS,AQXE,Aquis Exchange,,,,,,,,,,,,True
CVSG-GB.AQ,CVS GROUP PLC,"CVS Group PLC is a veterinary services provider operating primarily in the United Kingdom, Ireland, and the Netherlands. The company owns and operates veterinary practices, providing a range of services including preventative care, diagnostics, surgery, and emergency treatment for pets and livestock. CVS Group PLC is headquartered in Diss, Norfolk, UK.",GBP,Health Care,Health Care Equipment & Services,,AQS,AQXE,Aquis Exchange,,,,,,,,,,,,True
CWR-GB.AQ,CERES POWER HLDGS,"CERES POWER HLDGS develops fuel cell technology aimed at decarbonizing power generation. The company's SteelCell technology is designed for use in power generation, data centers, and transportation applications. Ceres Power is based in the United Kingdom.",GBP,Energy,Energy,,AQS,AQXE,Aquis Exchange,,,,,,,,,,,,False
CYN-GB.AQ,CQS NATURAL RES,,GBP,,,,AQS,AQXE,Aquis Exchange,,,,,,,,,,,,False
DEFI.AQ,DISPERSION HLDGS P,,GBP,,,,AQS,AQXE,Aquis Exchange,Canada,,,,,,,,,,,False
DOTD-GB.AQ,DOTDIGITAL GROUP,"DOTDIGITAL GROUP provides digital marketing and customer engagement solutions. The company offers a range of services including email marketing, SMS messaging, and customer data platform solutions, helping businesses to communicate with and engage their customers. DOTDIGITAL GROUP is headquartered in London, UK.",GBP,,,,AQS,AQXE,Aquis Exchange,,,,,,,,,,,,False
DSCV-GB.AQ,DISCOVERIE GROUP,"Discoverie Group is a distributor of electronics components. The company provides services and products to businesses worldwide. Discoverie Group is based in London, UK.",GBP,Industrials,Transportation,,AQS,AQXE,Aquis Exchange,,,,,,,,,,,,False
DSG-GB.AQ,,,GBP,,,,AQS,AQXE,Aquis Exchange,United States,,,,,,,,,,,False
DXSP.AQ,DXS INTERNATIONAL,"DXS International Plc is a company focused on developing technology solutions for regulatory compliance and reporting. The company's products aim to streamline processes for industries with complex regulatory requirements. DXS International is based in London, UK.",GBP,Information Technology,Software & Services,,AQS,AQXE,Aquis Exchange,United Kingdom,,,,,,,,,,,False
ECP.AQ,EIGHT CAPITAL PTNR,,GBP,,,,AQS,AQXE,Aquis Exchange,United States,,,,,,,,,,,False
EDR-GB.AQ,EGDON RESOURCES,,GBP,,,,AQS,AQXE,Aquis Exchange,,,,,,,,,,,,False
EEQP.AQ,EARLY EQUITY PLC,,GBP,,,,AQS,AQXE,Aquis Exchange,,,,,,,,,,,,False
EKF-GB.AQ,EKF DIAGNOSTICS,"EKF Diagnostics Holdings plc manufactures in-vitro diagnostic devices and point-of-care analyzers for various applications. Its products are used in blood gas analysis, diabetes care, and hematology. The company is headquartered in Penarth, United Kingdom.",GBP,Health Care,Health Care Equipment & Services,,AQS,AQXE,Aquis Exchange,,,,,,,,,,,,False
EM-P.AQ,EASTINCO MINING &,"EASTINCO MINING &: EASTINCO Mining & Exploration PLC is a resource exploration and development company. It is focused on identifying and acquiring mineral properties, particularly those containing tin, tungsten, and tantalum in Rwanda. The company is based in London, UK.",GBP,Materials,Materials,,AQS,AQXE,Aquis Exchange,,,,,,,,,,,,False
ENW-GB.AQ,ENWELL ENERGY PLC,"Enwell Energy plc, formerly Regal Petroleum plc, is an independent oil and gas exploration and production company with operations primarily focused in Ukraine. They are involved in the exploration, development, and production of hydrocarbons. The company is headquartered in London, UK.",GBP,Energy,Energy,,AQS,AQXE,Aquis Exchange,,,,,,,,,,,,False
EVA.AQ,EVRIMA PLC,"EVRIMA PLC is a company that acquires, explores, and develops mining assets, focusing on projects with the potential for significant resource discoveries. They primarily target mineral deposits in specific geographic regions. The company is based in the United Kingdom.",GBP,Materials,Materials,,AQS,AQXE,Aquis Exchange,United States,,,,,,US29415B1035,29415B103,,,,False
FA-GB.AQ,FIREANGEL SAFETY T,,GBP,,,,AQS,AQXE,Aquis Exchange,,,,,,,,,,,,False
FCCN-GB.AQ,FRENCH CONNECTION,"FRENCH CONNECTION is French Connection, a British clothing retailer and wholesaler. The company designs, manufactures, and distributes fashion clothing, accessories, and homeware. It is based in London.",GBP,Consumer Discretionary,Retailing,,AQS,AQXE,Aquis Exchange,,,,,,,,,,,,False
FCRM-GB.AQ,FULCRUM UTILITY SE,"FULCRUM UTILITY SE is Fulcrum Utility Services Ltd, a UK-based utility infrastructure and services provider. The company provides services for gas, electricity, and water connections to residential and commercial properties. Their headquarters are located in Sheffield, UK.",GBP,Utilities,Utilities,,AQS,AQXE,Aquis Exchange,,,,,,,,,,,,False
FDP-GB.AQ,1ST DERIVATIVES,,GBP,,,,AQS,AQXE,Aquis Exchange,,,,,,,,,,,,False
FIPP-GB.AQ,FRONTIER IP GROUP,,GBP,,,,AQS,AQXE,Aquis Exchange,,,,,,,,,,,,False
FIRE.AQ,IAMFIRE PLC,,GBP,,,,AQS,AQXE,Aquis Exchange,Sweden,,,,,,,,,,,False
FOR.AQ,FORBES VENTURES,,GBP,,,,AQS,AQXE,Aquis Exchange,United States,,,,,,,,,,,False
FOX-GB.AQ,FOX MARBLE HLDGS P,,GBP,,,,AQS,AQXE,Aquis Exchange,,,,,,,,,,,,False
FSEN.AQ,FIRST SENTINEL PLC,,GBP,,,,AQS,AQXE,Aquis Exchange,,,,,,,,,,,,False
FSJ-GB.AQ,FISHER(J)& SONS,,GBP,,,,AQS,AQXE,Aquis Exchange,,,,,,,,,,,,False
FUL-GB.AQ,FULHAM SHORE PLC,"Fulham Shore PLC operates and franchises a chain of Franco Manca and The Real Greek restaurants. Franco Manca is known for its sourdough pizzas, while The Real Greek offers traditional Greek cuisine. The company is based in the United Kingdom.",GBP,Consumer Discretionary,Consumer Services,,AQS,AQXE,Aquis Exchange,,,,,,,,,,,,False
FUTR-GB.AQ,FUTURE PLC,"Future PLC is a global multi-platform media company that creates content and connects audiences with products and services. It operates in several sectors, including technology, games, music, and homes, providing information, reviews, and buying advice. Future PLC is headquartered in Bath, United Kingdom.",GBP,Communication Services,Media & Entertainment,,AQS,AQXE,Aquis Exchange,,,,,,,,,,,,False
GAW-GB.AQ,GAMES WORKSHOP GRP,"GAMES WORKSHOP GRP designs, manufactures, and retails miniature figurines and games. They are best known for their Warhammer and Warhammer 40,000 universes. The company operates stores and online platforms worldwide and is based in Nottingham, UK.",GBP,Consumer Discretionary,Consumer Durables & Apparel,,AQS,AQXE,Aquis Exchange,,,,,,,,,,,,False
GDWN-GB.AQ,GOODWIN,,GBP,,,,AQS,AQXE,Aquis Exchange,,,,,,,,,,,,False
GHH-GB.AQ,GOOCH & HOUSEGO,,GBP,,,,AQS,AQXE,Aquis Exchange,,,,,,,,,,,,False
GHT-GB.AQ,GRESHAM TECHS PLC,"GRESHAM TECHS PLC is a software and services company that focuses on providing real-time data integrity and control, specializing in solutions for financial markets. Their offerings include software platforms for automation and control, reconciliation, and cash management, helping firms improve efficiency and reduce operational risk; the company is based in the United Kingdom.",GBP,Information Technology,Software & Services,,AQS,AQXE,Aquis Exchange,,,,,,,,,,,,False
GLIF-GB.AQ,SANCUS LENDING GP,,GBP,,,,AQS,AQXE,Aquis Exchange,,,,,,,,,,,,False
GLR-GB.AQ,GALILEO RESOURCES,,GBP,,,,AQS,AQXE,Aquis Exchange,,,,,,,,,,,,False
GMAA-GB.AQ,GAMA AVIATION PLC,"Gama Aviation Plc provides aviation services including business aviation, special mission, and technology solutions. The company offers aircraft management, charter, maintenance, and FBO services, primarily operating in the UK, Europe, and the US. Gama Aviation Plc is headquartered in Farnborough, UK.",GBP,Industrials,Transportation,,AQS,AQXE,Aquis Exchange,,,,,,,,,,,,True
GMR-GB.AQ,Gaming Realms plc,"Gaming Realms plc develops, publishes, and licenses mobile gaming content in the United Kingdom, the United States, Sweden, Canada, and internationally. The company operates through two segments, Licensing and Social Publishing. The Licensing segment is involved in brand and content licensing to partners. The Social Publishing segment provides freemium games. The company also offers marketing services. Its products include Slingo, bingo, slots, and other casual games. It has strategic partnerships with Endemol, Zynga, IWG, Inspired Entertainment, Hasbro, and Scientific Games. Gaming Realms plc was incorporated in 2001 and is based in London, the United Kingdom.",GBP,Consumer Discretionary,Consumer Services,"Hotels, Restaurants & Leisure",AQS,AQXE,Aquis Exchange,United Kingdom,,London,SE1 8QH,http://www.gamingrealms.com,Micro Cap,,,,,,False
GOOD.AQ,GOOD ENERGY GROUP,"GOOD ENERGY GROUP is a renewable energy company. It generates electricity from wind farms and solar panels, and supplies 100% renewable electricity to homes and businesses. The company is based in Chippenham, UK.",GBP,Utilities,Utilities,,AQS,AQXE,Aquis Exchange,Indonesia,,,,,,,376536108,,,,False
GUN.AQ,GUNSYND PLC,,GBP,,,,AQS,AQXE,Aquis Exchange,Japan,,,,,,,,,,,False
GWIN.AQ,GOWIN NEW ENERGY G,,GBP,,,,AQS,AQXE,Aquis Exchange,Macau,,,,,,,,,,,False
GWMO-GB.AQ,GREAT WESTERN MINI,,GBP,,,,AQS,AQXE,Aquis Exchange,,,,,,,,,,,,False
HEAD-GB.AQ,HEADLAM GROUP,Headlam Group is a distributor of floorcoverings based in the United Kingdom. The company provides a wide range of floorcovering products to retailers and contractors across the UK and Europe. Headlam Group is headquartered in the UK.,GBP,Consumer Discretionary,Retailing,,AQS,AQXE,Aquis Exchange,,,,,,,,,,,,False
HGTE.AQ,HARROGATE GROUP PL,"Harrogate Group PLC is an investment company that focuses on acquiring and developing businesses. It invests in a range of sectors, aiming to create shareholder value. The company is based in the United Kingdom.",GBP,Financials,Diversified Financials,,AQS,AQXE,Aquis Exchange,,,,,,,,,,,,False
HILS-GB.AQ,HILL & SMITH,"Hill & Smith Holdings PLC is an international group involved in the design, manufacture and supply of infrastructure products and galvanizing services. They serve a broad range of markets including road and rail, utilities, construction and agriculture. The company is headquartered in the UK.",GBP,Industrials,Capital Goods,,AQS,AQXE,Aquis Exchange,,,,,,,,,,,,False
HLCL-GB.AQ,HELICAL PLC,"Helical plc is a UK-based property company focused on the development and management of sustainable office properties in London. The company aims to create high-quality, environmentally friendly workspaces. Helical is headquartered in London, UK.",GBP,Real Estate,Real Estate,,AQS,AQXE,Aquis Exchange,,,,,,,,,,,,False
HNG-GB.AQ,HAWKWING PLC,,GBP,,,,AQS,AQXE,Aquis Exchange,,,,,,,,,,,,False
HRIP.AQ,HOT ROCKS INVESTME,,GBP,,,,AQS,AQXE,Aquis Exchange,,,,,,,,,,,,False
HUM-GB.AQ,HUMMINGBIRD RESOUR,,GBP,,,,AQS,AQXE,Aquis Exchange,,,,,,,,,,,,False
IBPO-GB.AQ,IENERGIZER LTD,,GBP,,,,AQS,AQXE,Aquis Exchange,,,,,,,,,,,,False
IDEA-GB.AQ,IDEAGEN,"Ideagen PLC is a UK-based software company that provides governance, risk, and compliance (GRC) solutions. The company's software helps organizations manage regulatory compliance, improve operational efficiency, and reduce risk. Ideagen serves a wide range of industries, including aviation, healthcare, and financial services.",GBP,Information Technology,Software & Services,,AQS,AQXE,Aquis Exchange,,,,,,,,,,,,False
IDH-GB.AQ,IMMUNODIAGNOSTIC S,"Immunodiagnostic Systems Holdings PLC (IDS) is a UK-based in-vitro diagnostics company that develops, manufactures, and markets clinical diagnostic solutions to the global healthcare market. The company focuses on providing specialist automated immunoanalyzers and assays to diagnose and monitor bone metabolism, vitamin status, and autoimmune diseases. IDS is headquartered in Boldon, Tyne and Wear, UK.",GBP,Health Care,"Pharmaceuticals, Biotechnology & Life Sciences",,AQS,AQXE,Aquis Exchange,,,,,,,,,,,,False
IDOX-GB.AQ,IDOX,"IDOX plc is a UK-based software and solutions provider focused on information management and public sector applications. The company provides software and services to help organizations manage information, processes, and assets. IDOX is headquartered in Reading, UK.",GBP,Information Technology,Software & Services,,AQS,AQXE,Aquis Exchange,,,,,,,,,,,,False
IES-GB.AQ,INVINITY ENERGY SY,,GBP,,,,AQS,AQXE,Aquis Exchange,,,,,,,,,,,,False
IIP-GB.AQ,INFRASTRUCTURE IND,,GBP,,,,AQS,AQXE,Aquis Exchange,,,,,,,,,,,,False
IKA-GB.AQ,Ilika plc,"Ilika plc engages in the design, development, and production of solid state batteries primarily in the United Kingdom, Asia, Europe, and North America. It offers batteries for a range of applications in the industrial Internet of Things, electric vehicles, smart cities/building, consumer electronics, medical, automotive, military, and aerospace sectors. The company was incorporated in 2010 and is headquartered in Romsey, the United Kingdom.",GBP,Industrials,Capital Goods,Electrical Equipment,AQS,AQXE,Aquis Exchange,United Kingdom,,Romsey,SO51 9DL,http://www.ilika.com,Small Cap,,,,,,False
IMM-GB.AQ,IMMUPHARMA,,GBP,,,,AQS,AQXE,Aquis Exchange,,,,,,,,,,,,False
INC.AQ,INCANTHERA PLC,,GBP,,,,AQS,AQXE,Aquis Exchange,Italy,,,,,,,,,,,False
INFA-GB.AQ,INFRASTRATA PLC,"INFRASTRATA PLC is a company focused on strategic infrastructure projects, particularly in the energy sector. They are involved in projects related to energy storage and infrastructure development. The company is based in London, UK.",GBP,Energy,Energy,,AQS,AQXE,Aquis Exchange,,,,,,,,,,,,False
INS-GB.AQ,INSTEM,"INSTEM is a biotechnology company focused on developing stem cell-based therapies. The company focuses on developing products and services for regenerative medicine. The company is based in Cambridge, UK.",GBP,Health Care,"Pharmaceuticals, Biotechnology & Life Sciences",,AQS,AQXE,Aquis Exchange,,,,,,,,,,,,False
INSE-GB.AQ,INSPIRED ENERGY,"INSPIRED ENERGY is a consulting group focused on energy procurement and energy optimization. They are based in Kirkham, UK. The company provides energy advisory services to businesses.",GBP,Energy,Energy,,AQS,AQXE,Aquis Exchange,,,,,,,,,,,,False
IOF-GB.AQ,Iofina plc,"Iofina plc engages in the exploration and production of iodine, iodine specialty chemical derivatives, produced water, and natural gas in the United States and the United Kingdom. It offers halogen chemicals, disinfectants, electronic specialty gases, sanitizers, heat stabilizers, preservatives, and specialty intermediates, as well as animal health, mineral separation, and odor control products for use in electronics/semiconductor, pharmaceutical, food and beverage, personal care, paints and coatings, dairy, chemical intermediates, gemological, fish and wildlife, and nylon markets. The company also provides turnkey mid-stream fee based solutions to third party brine stream operators to extract iodine. Iofina plc was founded in 2005 and is based in London, the United Kingdom.",GBP,Materials,Materials,Chemicals,AQS,AQXE,Aquis Exchange,United Kingdom,,London,WC2A 1JF,http://www.iofina.com,Nano Cap,,,,,,False
IOM-GB.AQ,IOMART GROUP,"IOMART GROUP is a cloud computing, managed services and IT hosting company based in the United Kingdom. It provides services such as colocation, cloud hosting, and data backup and recovery solutions to businesses. Its headquarters are in Glasgow, Scotland.",GBP,Information Technology,Software & Services,,AQS,AQXE,Aquis Exchange,,,,,,,,,,,,False
IPEL-GB.AQ,IMPELLAM GROUP,"IMPELLAM GROUP is a staffing and recruitment company based in the United Kingdom. The company provides a range of staffing solutions including temporary and permanent placements across various sectors. It is headquartered in Luton, UK.",GBP,Industrials,Commercial & Professional Services,,AQS,AQXE,Aquis Exchange,,,,,,,,,,,,False
IQE-GB.AQ,IQE plc,"IQE plc develops, manufactures, and sells advanced semiconductor materials. The company operates through Wireless, Photonics, and CMOS++ segments. It manufactures compound semiconductor wafers or epiwafers using epitaxy process; and offers various products, including HBTs, pHEMTs, BiFETs/BiHEMTs, HFETs, LMHEMTs, LNHEMTs, and MESFETs for use in electronic devices, such as mobile phones, smartphones, mobile networks, Wi-Fi, smart metering, satellite navigation, and a plethora of connected devices. The company also provides a range of wafers comprising optical fiber communications optical storage solutions consisting of CDs and DVDs; optical networking solutions, including storage area networks; computing solutions, such as optical mouse devices and CD/DVD ROMs; office/professional solutions comprising laser printing/copying; and energy solutions consisting of solar cells for emitters and detectors, infrared, solar, optical interconnects, laser projection, gesture recognition, solid state lighting applications. In addition, it offers IR sensor, thermal imaging, night vision, and thermal photovoltaic products for infrared applications; and compound semiconductor solar cells and panels for utility scale electricity generation, satellite/space power generation, power generation, and power applications. Further, the company produces compound semiconductor on silicon wafers; and engineered substrates for next-generation microprocessors, and ultra high speed/density flash memory and MEMs devices. Additionally, it provides gallium nitride, a compound semiconductor, which includes a range of RF, photonic, and electronic properties. The company serves in the United States, rest of the Americas, France, Germany, Israel, the United Kingdom, rest of Europe, the Middle East, Africa, the People's Republic of China, Japan, Taiwan, and rest of the Asia-Pacific. IQE plc was founded in 1988 and is headquartered in Cardiff, the United Kingdom.",GBP,Information Technology,Semiconductors & Semiconductor Equipment,Semiconductors & Semiconductor Equipment,AQS,AQXE,Aquis Exchange,United Kingdom,,Cardiff,CF3 0LW,http://www.iqep.com,Small Cap,,,,,,False
IQG-GB.AQ,IQGEO GROUP PLC,"IQGeo Group PLC develops and markets geospatial software solutions for the telecommunications and utility industries. The company's software is used for network planning, design, and operations, helping organizations manage their infrastructure assets. IQGeo Group is headquartered in Cambridge, UK.",GBP,Information Technology,Software & Services,,AQS,AQXE,Aquis Exchange,,,,,,,,,,,,False
ITX-GB.AQ,Itaconix plc,"Itaconix plc, together with its subsidiaries, designs, develops, manufactures, and sells bio-based polymers for personal care, home care, and industrial sectors in North America and Europe. The company's home care and industrial products include Itaconix TSI, Itaconix DSP, Itaconix CHT, and Itaconix VELASOFT water soluble polymers; and Itaconix ZINADOR 22L and 35L, which are water soluble odor neutralizers. Its personal care products comprise Itaconix VELAFRESH ZP20 and ZP30 that are water soluble fixating complexes; and Nouryon Amaze SP, a hair styling ingredient. The company was formerly known as Revolymer plc and changed its name to Itaconix plc in February 2017. Itaconix plc was incorporated in 2012 and is headquartered in Stratham, New Hampshire.",GBP,Materials,Materials,Chemicals,AQS,AQXE,Aquis Exchange,United States,NH,Stratham,3885,http://www.itaconix.com,Micro Cap,,,,,,False
JET2-GB.AQ,Jet2 plc,"Jet2 plc, together with its subsidiaries, engages in leisure travel business in the United Kingdom. The company operates scheduled holiday flights to leisure destinations in the Mediterranean, the Canary Islands, and European Leisure Cities. It is also involved in package holiday, passenger aircraft, charter aircraft, and non-ticket retail activities. The company operates through a fleet of 100 aircraft. The company was formerly known as Dart Group PLC and changed its name to Jet2 plc in September 2020. Jet2 plc was founded in 1971 and is based in Leeds, the United Kingdom.",GBP,Consumer Discretionary,Consumer Services,"Hotels, Restaurants & Leisure",AQS,AQXE,Aquis Exchange,United Kingdom,,Leeds,LS19 7TU,http://www.jet2plc.com,Mid Cap,,,,,,False
JHD-GB.AQ,JAMES HALSTEAD,James Halstead is a commercial flooring manufacturer that produces and distributes flooring products worldwide. The company offers a wide range of flooring solutions for various applications. The company is based in the United Kingdom.,GBP,Industrials,Capital Goods,,AQS,AQXE,Aquis Exchange,,,,,,,,,,,,False
JKX-GB.AQ,JKX OIL & GAS,"JKX Oil & Gas plc is an oil and gas exploration and production company with a focus on Ukraine and Russia. The company engages in the exploration, development, and production of oil and gas reserves. JKX Oil & Gas is headquartered in London, United Kingdom.",GBP,Energy,Energy,,AQS,AQXE,Aquis Exchange,,,,,,,,,,,,False
JOG-GB.AQ,JERSEY OIL & GAS P,,GBP,,,,AQS,AQXE,Aquis Exchange,,,,,,,,,,,,False
KCT-GB.AQ,Kin and Carta plc,"Kin and Carta plc provides digital transformation services in the United Kingdom, the United States, and internationally. The company helps its clients to invent, operate, and market digital products and services. It offers tech and data-led management consulting services; software engineering and product design services; and digital marketing and customer connected services. Kin and Carta plc serves healthcare, financial services, transportation, industrial and agriculture, retail and distribution, and other sectors. The company was formerly known as St Ives plc and changed its name to Kin and Carta plc in October 2018. Kin and Carta plc was incorporated in 1981 and is headquartered in London, the United Kingdom.",GBP,Industrials,Commercial & Professional Services,Professional Services,AQS,AQXE,Aquis Exchange,United Kingdom,,London,W1D 3AD,http://www.kinandcarta.com,Small Cap,,,,,,True
KDNC.AQ,CADENCE MINERALS,"CADENCE MINERALS is a mineral exploration and development company. They focus on identifying and developing strategic metals projects. The company aims to supply resources for the battery, magnet and alloy industries.",GBP,Materials,Materials,,AQS,AQXE,Aquis Exchange,United Kingdom,,,,,,,,,,,False
KIBO-GB.AQ,KIBO ENERGY PLC,"Kibo Energy PLC is a company focused on developing energy projects in Africa. They aim to generate power from various sources, including coal, waste, and renewable energy. Kibo Energy PLC is headquartered in Ireland.",GBP,Energy,Energy,,AQS,AQXE,Aquis Exchange,,,,,,,,,,,,True
KR1.AQ,KR1 Plc,"KR1 Plc, a digital asset investment company, trades in the blockchain technology sector. It supports early stage decentralized and open source blockchain projects. The company was formerly known as Kryptonite 1 plc and changed its name to KR1 Plc in February 2018. KR1 Plc was incorporated in 2006 and is based in Douglas, Isle of Man.",GBP,Financials,Diversified Financials,Capital Markets,AQS,AQXE,Aquis Exchange,Isle of Man,,Douglas,IM12LF,http://www.kryptonite1.co,Micro Cap,,,,,,False
KRS-GB.AQ,KERAS RESOURCES,"Keras Resources is a mining company focused on the exploration and development of mineral resources. The company is actively involved in identifying and acquiring potentially valuable mining assets. Their headquarters are in London, UK.",GBP,Materials,Materials,,AQS,AQXE,Aquis Exchange,,,,,,,,,,,,False
KZG-GB.AQ,KAZERA GLOBAL PLC,,GBP,,,,AQS,AQXE,Aquis Exchange,,,,,,,,,,,,False
LAM-GB.AQ,Lamprell plc,"Lamprell plc, together with its subsidiaries, provides fabrication, engineering, installation, and contracting services to the offshore and onshore oil and gas, and renewable energy industries in the United Arab Emirates and Saudi Arabia. It operates through three segments: Rigs; Engineering Procurement, Construction & Installation (EPCI); and Contracting Services. The Rigs segment offers new build jack up rigs, land rigs, and rig refurbishment services. The EPCI segment provides foundations, process modules, offshore platforms, pressure vessels, and engineering and construction services. The Contracting Services segment offers site works, operations and maintenance, manpower supply, and safety services. The company also fabricates various platforms, such as topsides, jackets, wellhead decks, living quarters, HVDC platforms, and other offshore fixed facilities, as well as offers fabricating packaged, pre-assembled, and modularized units. In addition, the company constructs accommodation and complex process modules for onshore downstream projects, and complex living quarters. The company was founded in 1974 and is based in Dubai, the United Arab Emirates.",GBP,Energy,Energy,Energy Equipment & Services,AQS,AQXE,Aquis Exchange,United Arab Emirates,,Dubai,,http://www.lamprell.com,Micro Cap,,,,,,False
LCAP.AQ,LOMBARD CAPITAL,"Lombard Capital focuses on providing financial and investment services. The company offers investment banking, asset management, and advisory services. The headquarters are in London.",GBP,Financials,Diversified Financials,,AQS,AQXE,Aquis Exchange,United States,,,,,,,,,,,False
LEK-GB.AQ,LEKOIL LTD,"LEKOIL Ltd is an Africa-focused oil and gas exploration and production company. The company is focused on opportunities in proven sub-Saharan African jurisdictions. The company's headquarters are in London, UK.",GBP,Energy,Energy,,AQS,AQXE,Aquis Exchange,,,,,,,,,,,,False
LIFE.AQ,LOVE HEMP GP PLC,"LOVE HEMP GP PLC is a UK-based company that produces and sells a range of CBD (cannabidiol) products. Their product portfolio includes CBD oils, edibles, cosmetics, and other related items. The company markets and sells its products online and through retail channels.",GBP,Consumer Staples,"Food, Beverage & Tobacco",,AQS,AQXE,Aquis Exchange,United States,,,,,,,,,,,False
LSL-GB.AQ,LSL PROPERTY SER,"LSL Property Services is a provider of residential property services, including surveying, valuation, estate agency, and financial services, operating primarily in the United Kingdom. The company operates through a network of brands and offers services to both corporate clients and individual customers. Its headquarters are located in Newcastle upon Tyne, UK.",GBP,Real Estate,Real Estate,,AQS,AQXE,Aquis Exchange,,,,,,,,,,,,False
LTG-GB.AQ,LEARNING TECHS GP,"Learning Technologies Group (LTG) is a provider of learning and talent management solutions and services. The company offers a range of digital learning platforms, content, and services to corporate clients, helping them improve employee performance and engagement. LTG is headquartered in London, UK.",GBP,Information Technology,Software & Services,,AQS,AQXE,Aquis Exchange,,,,,,,,,,,,False
MBO-GB.AQ,,,GBP,,,,AQS,AQXE,Aquis Exchange,United States,,,,,,,,,,,False
MCKS-GB.AQ,MCKAY SECURITIES,"McKay Securities PLC is a UK-based Real Estate Investment Trust (REIT) specializing in the ownership and management of commercial properties, primarily offices and industrial spaces, across the South East of England and London. The company generates revenue through rental income and property development. McKay Securities is headquartered in Reading, UK.",GBP,Real Estate,Real Estate,,AQS,AQXE,Aquis Exchange,,,,,,,,,,,,False
MGNS-GB.AQ,MORGAN SINDALL GRP,,GBP,,,,AQS,AQXE,Aquis Exchange,,,,,,,,,,,,False
MHC-GB.AQ,MYHEALTHCHECKED,,GBP,,,,AQS,AQXE,Aquis Exchange,,,,,,,,,,,,False
MIL-GB.AQ,MYANMAR INVESTMENT,,USD,,,,AQS,AQXE,Aquis Exchange,,,,,,,,,,,,False
MLVN-GB.AQ,MALVERN INTL PLC,,GBP,,,,AQS,AQXE,Aquis Exchange,,,,,,,,,,,,False
MMX-GB.AQ,MINDS + MACHS GRP,MINDS + MACHS GRP is a technology company.,GBP,Information Technology,Software & Services,,AQS,AQXE,Aquis Exchange,,,,,,,,,,,,False
MPE-GB.AQ,M.P. EVANS GROUP,M.P. Evans Group is a producer of sustainable palm oil with plantations in Indonesia and Malaysia. The company focuses on responsible agriculture and sustainable practices. They are headquartered in the United Kingdom.,GBP,Consumer Staples,"Food, Beverage & Tobacco",,AQS,AQXE,Aquis Exchange,,,,,,,,,,,,False
MPO-GB.AQ,MACAU PROPERTY OPP,,GBP,,,,AQS,AQXE,Aquis Exchange,,,,,,,,,,,,False
MSYS-GB.AQ,MICROSAIC SYSTEMS,,GBP,,,,AQS,AQXE,Aquis Exchange,,,,,,,,,,,,False
MTC-GB.AQ,MOTHERCARE,,GBP,,,,AQS,AQXE,Aquis Exchange,,,,,,,,,,,,False
MTVW-GB.AQ,MOUNTVIEW ESTATES,,GBP,,,,AQS,AQXE,Aquis Exchange,,,,,,,,,,,,False
MUL-GB.AQ,MULBERRY GROUP,"MULBERRY GROUP is a British luxury fashion company known for its leather goods, including handbags, accessories, and clothing. Headquartered in Somerset, England, Mulberry sells its products through its own stores, concessions, and online channels globally.",GBP,Consumer Discretionary,Consumer Durables & Apparel,,AQS,AQXE,Aquis Exchange,,,,,,,,,,,,False
MYSL-GB.AQ,MYSALE GROUP PLC,"MYSALE GROUP PLC is an online retailer operating flash sales websites in Australia, New Zealand, and Southeast Asia. The company offers a wide range of products including apparel, footwear, accessories, and homewares at discounted prices through time-limited sales events. MYSALE GROUP PLC is headquartered in London, United Kingdom.",GBP,Consumer Discretionary,Retailing,,AQS,AQXE,Aquis Exchange,,,,,,,,,,,,False
N4P-GB.AQ,N4 PHARMA PLC,"N4 PHARMA PLC is a pharmaceutical company focused on developing and commercializing innovative medicines. The company specializes in reformulating existing drugs to improve their efficacy, safety, or patient compliance. They aim to address unmet medical needs and create value for shareholders through innovative drug development.",GBP,Health Care,"Pharmaceuticals, Biotechnology & Life Sciences",,AQS,AQXE,Aquis Exchange,,,,,,,,,,,,False
NANO-GB.AQ,NANOCO GROUP,"NANOCO GROUP specializes in the development and manufacture of cadmium-free quantum dots and other nanomaterials. These materials are used in displays, lighting, and other applications. The company is based in the United Kingdom.",GBP,Materials,Materials,,AQS,AQXE,Aquis Exchange,,,,,,,,,,,,False
NCCL-GB.AQ,NCONDEZI ENERGY LD,,GBP,,,,AQS,AQXE,Aquis Exchange,,,,,,,,,,,,False
NFT.AQ,NFT INVESTMENTS PL,,GBP,,,,AQS,AQXE,Aquis Exchange,Canada,,,,,,CA65345K1021,65345K102,,BBG017X0HRV4,,False
NICL-GB.AQ,NICHOLS,"Nichols plc is a soft drinks business, best known for its Vimto brand, which is sold in over 85 countries worldwide. The company manufactures and sells a range of soft drinks, including carbonated drinks, fruit juices, and cordials. Nichols plc is headquartered in Newton-le-Willows, United Kingdom.",GBP,Consumer Staples,"Food, Beverage & Tobacco",,AQS,AQXE,Aquis Exchange,,,,,,,,,,,,False
NMRP.AQ,NATL MILK RECORDS,,GBP,,,,AQS,AQXE,Aquis Exchange,,,,,,,,,,,,False
NQMI.AQ,NQ Minerals Plc,"NQ Minerals Plc operates as an exploration and mining company in Australia. It explores for gold, pyrite, silver, lead, and zinc ores. The company's flagship project is the Hellyer gold mine located in Tasmania. NQ Minerals Plc was incorporated in 2015 and is based in Surfers Paradise, Australia.",GBP,Materials,Materials,Metals & Mining,AQS,AQXE,Aquis Exchange,Australia,QLD,Surfers Paradise,4217,http://www.nqminerals.com,Nano Cap,,,,,,False
NUM-GB.AQ,NUMIS CORP,"Numis Corporation Plc provides investment banking services to companies in the United Kingdom and internationally. The company offers corporate broking, equity research, sales and trading, and advisory services. The headquarters are in London, United Kingdom.",GBP,Financials,Diversified Financials,,AQS,AQXE,Aquis Exchange,,,,,,,,,,,,False
NXR-GB.AQ,NORCROS PLC,"NORCROS PLC is a supplier of products for bathrooms, kitchens and tiles, with operations primarily in the UK and South Africa. The company's brands include Triton Showers, Johnson Tiles, and Vado. The company is headquartered in Wilmslow, United Kingdom.",GBP,Industrials,Capital Goods,,AQS,AQXE,Aquis Exchange,,,,,,,,,,,,False
NYR.AQ,NEWBURY RACECOURSE,,GBP,,,,AQS,AQXE,Aquis Exchange,Australia,,,,,,,,,,,False
OBE.AQ,OBERON INVESTMENTS,,GBP,,,,AQS,AQXE,Aquis Exchange,Canada,,,,,,CA6744822033,674482203,,,,False
OCI-GB.AQ,OAKLEY CAPITAL INV,"Oakley Capital Investments is a private equity firm focused on investments in Western Europe. The firm seeks to invest in companies with strong growth potential, typically in the technology, consumer, and business services sectors. Oakley Capital is headquartered in London, United Kingdom.",GBP,Financials,Diversified Financials,,AQS,AQXE,Aquis Exchange,,,,,,,,,,,,False
OMI-GB.AQ,OROSUR MINING INC,,GBP,,,,AQS,AQXE,Aquis Exchange,,,,,,,,,,,,False
OMIP-GB.AQ,,,GBP,,,,AQS,AQXE,Aquis Exchange,United States,,,,,,,,,,,False
OPTI-GB.AQ,OPTIBIOTIX HEALTH,"OptiBiotix Health is a life sciences company developing compounds to modulate the human microbiome to prevent and manage human disease. The company focuses on developing and commercializing products in the areas of obesity, cardiovascular health, and diabetes. OptiBiotix Health is headquartered in the United Kingdom.",GBP,Health Care,"Pharmaceuticals, Biotechnology & Life Sciences",,AQS,AQXE,Aquis Exchange,,,,,,,,,,,,False
ORCP-GB.AQ,ORACLE POWER PLC,"Oracle Power PLC is a United Kingdom-based company focused on developing power projects, particularly in Pakistan. The company is involved in coal mining and power generation, with an emphasis on Thar coal resources. Oracle Power PLC is headquartered in London, United Kingdom.",GBP,Energy,Energy,,AQS,AQXE,Aquis Exchange,,,,,,,,,,,,False
ORE.AQ,DISCOVORE PLC,DiscovOre PLC is a mining exploration company. More details are not readily available.,GBP,Materials,Materials,,AQS,AQXE,Aquis Exchange,Canada,,,,,,,,,,,False
ORM-GB.AQ,ORMONDE MINING,ORMONDE MINING is a resource company focused on the exploration and development of mineral projects. The company's primary focus is on copper and other base metal deposits. The company is headquartered in Ireland.,GBP,Materials,Materials,,AQS,AQXE,Aquis Exchange,,,,,,,,,,,,False
OVB-GB.AQ,OVOCA BIO PLC,"Ovoca Bio plc, formerly known as Neos Therapeutics, Inc., is a biopharmaceutical company focused on developing and commercializing novel therapeutics for women's health. The company is working on treatments for female sexual dysfunction. Ovoca Bio is based in Dublin, Ireland.",GBP,Health Care,"Pharmaceuticals, Biotechnology & Life Sciences",,AQS,AQXE,Aquis Exchange,,,,,,,,,,,,False
PCTN-GB.AQ,PICTON PROP INCOME,PICTON PROP INCOME is likely a property investment company focused on generating income from its real estate assets. The specific details of its holdings and investment strategy would require further research. It is based in the UK.,GBP,Real Estate,Real Estate,,AQS,AQXE,Aquis Exchange,,,,,,,,,,,,False
PEG-GB.AQ,PETARDS GROUP,"Petards Group plc provides advanced security and surveillance systems. The company specializes in developing and supplying technology for rail, traffic, and defense sectors. Petards Group's solutions encompass video analytics, data capture, and communication systems, enhancing safety and operational efficiency for its clients.",GBP,Industrials,Capital Goods,,AQS,AQXE,Aquis Exchange,,,,,,,,,,,,False
PERE-GB.AQ,PEMBRIDGE RESOURCE,PEMBRIDGE RESOURCE is likely a resource company involved in the exploration and development of mineral properties. Its specific focus and geographic locations would require further investigation. It is based in the UK.,GBP,Materials,Materials,,AQS,AQXE,Aquis Exchange,,,,,,,,,,,,False
PET-GB.AQ,PETREL RESOURCES,PETREL RESOURCES is an oil and gas exploration and production company. The company focuses on identifying and developing opportunities in various regions. Petrel Resources aims to create value through the discovery and exploitation of hydrocarbon resources.,GBP,Energy,Energy,,AQS,AQXE,Aquis Exchange,,,,,,,,,,,,False
PHTM-GB.AQ,PHOTO-ME INTL,PHOTO-ME INTL is a company that operates and services instant photo booths and other automated equipment. It has locations around the world. Its headquarters are in the UK.,GBP,Industrials,Capital Goods,,AQS,AQXE,Aquis Exchange,,,,,,,,,,,,False
PLUS-GB.AQ,PLUS500 LTD,"PLUS500 LTD is a global financial technology company that provides online trading services. It offers contracts for difference (CFDs) on a variety of instruments, including stocks, indices, commodities, forex, and options. The company is headquartered in Haifa, Israel and listed on the London Stock Exchange.",GBP,Financials,Diversified Financials,,AQS,AQXE,Aquis Exchange,,,,,,,,,,,,False
PMG-GB.AQ,PARKMEAD GROUP,,GBP,,,,AQS,AQXE,Aquis Exchange,,,,,,,,,,,,False
POLR-GB.AQ,POLAR CAPITAL HLDG,"Polar Capital Holdings plc is an asset management company that provides investment management services to institutions, professional investors, and private clients. They offer a range of investment strategies across various asset classes and geographies. The company is based in London, United Kingdom.",GBP,Financials,Diversified Financials,,AQS,AQXE,Aquis Exchange,,,,,,,,,,,,False
POS-GB.AQ,PLEXUS HLDGS PLC,"Plexus Holdings PLC provides wellhead and subsea engineering services, primarily focused on the oil and gas industry. The company designs and manufactures specialized wellhead equipment utilizing its POS-GRIP friction-grip technology. Their products and services are used in exploration, appraisal, and production activities.",GBP,Energy,Energy,,AQS,AQXE,Aquis Exchange,,,,,,,,,,,,False
PPIX-GB.AQ,PROPHOTONIX LTD,,GBP,,,,AQS,AQXE,Aquis Exchange,,,,,,,,,,,,False
PRM-GB.AQ,PROTEOME SCIENCES,"Proteome Sciences is a proteomics company providing services for drug discovery and development. They offer protein biomarker discovery, validation, and assay development services. The company is based in Cobham, Surrey, UK.",GBP,Health Care,"Pharmaceuticals, Biotechnology & Life Sciences",,AQS,AQXE,Aquis Exchange,,,,,,,,,,,,False
PTR-GB.AQ,,,GBP,,,,AQS,AQXE,Aquis Exchange,United States,,,,,,,,,,,False
PVR-GB.AQ,PROVIDENCE RES,,GBP,,,,AQS,AQXE,Aquis Exchange,,,,,,,,,,,,False
PXEN-GB.AQ,PROSPEX ENERGY PLC,"Prospex Energy PLC is an investing company focused on European gas and power projects. They invest in and develop undervalued European onshore gas and power opportunities. The company is based in London, UK.",GBP,Energy,Energy,,AQS,AQXE,Aquis Exchange,,,,,,,,,,,,False
PXS-GB.AQ,PROVEXIS,"PROVEXIS is a life science company focused on the development of therapeutics derived from modified polysaccharides, primarily Heparan Sulfate mimetics, to treat diseases with unmet medical needs. Their headquarters are located in the United Kingdom.",GBP,Health Care,"Pharmaceuticals, Biotechnology & Life Sciences",,AQS,AQXE,Aquis Exchange,,,,,,,,,,,,False
QTZ.AQ,QUETZAL CAPITAL,,GBP,,,,AQS,AQXE,Aquis Exchange,Canada,,,,,,,,,,,False
QXT-GB.AQ,QUIXANT PLC,,GBP,,,,AQS,AQXE,Aquis Exchange,,,,,,,,,,,,True
RBBS.AQ,RURAL BROADBAND SO,,GBP,,,,AQS,AQXE,Aquis Exchange,,,,,,,,,,,,False
RCDO-GB.AQ,RICARDO,"Ricardo PLC is a global engineering, technical, and environmental consultancy. The company provides services to a range of sectors, including automotive, rail, aerospace, defense, and energy. Ricardo PLC is headquartered in Shoreham-by-Sea, United Kingdom.",GBP,Industrials,Commercial & Professional Services,,AQS,AQXE,Aquis Exchange,,,,,,,,,,,,False
RCN-GB.AQ,REDCENTRIC PLC,"Redcentric plc is a UK-based IT managed services provider. The company offers a range of services including network, cloud, and security solutions. Redcentric plc is headquartered in Harrogate, United Kingdom.",GBP,Information Technology,Software & Services,,AQS,AQXE,Aquis Exchange,,,,,,,,,,,,False
RECI-GB.AQ,REAL EST CREDIT,,GBP,,,,AQS,AQXE,Aquis Exchange,,,,,,,,,,,,False
RENE-GB.AQ,RENEURON GROUP,"Reneuron Group plc is a UK-based clinical-stage biotechnology company focused on developing cell-based therapies for significant unmet medical needs. Their primary focus is on therapies for stroke disability, critical limb ischemia, and retinitis pigmentosa. The company is headquartered in Bridgend, Wales, UK.",GBP,Health Care,"Pharmaceuticals, Biotechnology & Life Sciences",,AQS,AQXE,Aquis Exchange,,,,,,,,,,,,False
RKH-GB.AQ,ROCKHOPPER EXPLORA,,GBP,,,,AQS,AQXE,Aquis Exchange,,,,,,,,,,,,False
RLE-GB.AQ,R/EST INVESTORS,,GBP,,,,AQS,AQXE,Aquis Exchange,,,,,,,,,,,,False
RNO-GB.AQ,RENOLD,"Renold is a British manufacturer of industrial chains and power transmission products. The company provides products for various industries, including manufacturing, transportation, and energy. Renold is headquartered in Wythenshawe, Manchester, United Kingdom.",GBP,Industrials,Capital Goods,,AQS,AQXE,Aquis Exchange,,,,,,,,,,,,False
ROCK-GB.AQ,ROCKFIRE RESOURCES,ROCKFIRE RESOURCES is an exploration company focused on gold. The company is based in Australia.,GBP,Materials,Materials,,AQS,AQXE,Aquis Exchange,,,,,,,,,,,,False
RUTH.AQ,,,,,,,AQS,AQXE,Aquis Exchange,United States,,,,,,,,,,,False
RWA-GB.AQ,ROBERT WALTERS,"Robert Walters is a global specialist professional recruitment consultancy. The company provides permanent, contract and temporary recruitment solutions across a range of disciplines including accounting, finance, technology, and legal. Robert Walters operates in numerous countries worldwide and is headquartered in London, UK.",GBP,Industrials,Commercial & Professional Services,,AQS,AQXE,Aquis Exchange,,,,,,,,,,,,False
SAA-GB.AQ,M&C SAATCHI,"M&C SAATCHI is a global marketing and advertising agency network. They provide advertising, public relations, direct marketing, and digital marketing services. The company is headquartered in London, UK.",GBP,Communication Services,Media & Entertainment,,AQS,AQXE,Aquis Exchange,,,,,,,,,,,,False
SAL-GB.AQ,SPACEANDPEOPLE,"SPACEANDPEOPLE provides technology solutions for managing crowds and improving safety and security at events and public spaces. The company is headquartered in Newbury, UK.",GBP,Information Technology,Software & Services,,AQS,AQXE,Aquis Exchange,,,,,,,,,,,,False
SCLP-GB.AQ,SCANCELL HLDGS PLC,,GBP,,,,AQS,AQXE,Aquis Exchange,,,,,,,,,,,,False
SCPA-GB.AQ,APA Group,"APA Group develops, owns, and operates natural gas transportation and energy infrastructure in Australia. The company operates through three segments: Energy Infrastructure, Asset Management, and Energy Investments. It operates natural gas pipelines, gas storage facilities, gas processing facilities, gas compression facilities, electricity transmission, electricity interconnectors, and renewable and gas fired power generation assets; and operates solar farms and wind farms. The company has interests in approximately 15,000 kilometers of gas transmission pipelines; approximately 29,500 kilometers of gas mains and pipelines; and 1.4 million gas consumer connections. It also provides commercial, operating, and asset maintenance services to its energy investments and third parties; and invests in unlisted entities. APA Group was founded in 2000 and is headquartered in Sydney, Australia.",GBP,Utilities,Utilities,Gas Utilities,AQS,AQXE,Aquis Exchange,Australia,NSW,Sydney,2000,http://www.apa.com.au,Large Cap,,,,,,False
SDY-GB.AQ,SPEEDY HIRE,"SPEEDY HIRE is a UK-based tool and equipment hire company, providing a wide range of equipment for hire to the construction, infrastructure, and industrial sectors. They offer equipment rental, sales, and related services. Speedy Hire is headquartered in Merseyside, United Kingdom.",GBP,Industrials,Commercial & Professional Services,,AQS,AQXE,Aquis Exchange,,,,,,,,,,,,False
SEE-GB.AQ,SEEING MACHINES LD,"SEEING MACHINES LD develops and markets driver monitoring systems (DMS) for the automotive, aviation, and other transportation industries. The company's technology uses computer vision and artificial intelligence to monitor driver attention and detect signs of fatigue or distraction. Seeing Machines aims to improve safety and prevent accidents.",GBP,Information Technology,Technology Hardware & Equipment,,AQS,AQXE,Aquis Exchange,,,,,,,,,,,,False
SEMP.AQ,SEMPER FORTIS ESPO,,GBP,,,,AQS,AQXE,Aquis Exchange,Russia,,,,,,,,,,,False
SFR-GB.AQ,SEVERFIELD PLC,"Severfield plc is a structural steel company. The company is involved in the design, fabrication, and erection of structural steelwork. The company is based in the UK.",GBP,Industrials,Capital Goods,,AQS,AQXE,Aquis Exchange,,,,,,,,,,,,False
SGZ-GB.AQ,SCOTGOLD RESOURCES,"Scotgold Resources is a gold exploration and development company. The company is focused on the development of its Cononish gold and silver project in Scotland. The company is headquartered in Glasgow, Scotland.",GBP,Materials,Materials,,AQS,AQXE,Aquis Exchange,,,,,,,,,,,,False
SHEP.AQ,SHEPHERD NEAME,"Shepherd Neame is a brewery and pub operator in the United Kingdom. The company brews a range of beers and operates a portfolio of pubs and hotels. Shepherd Neame is based in Faversham, Kent.",GBP,Consumer Staples,"Food, Beverage & Tobacco",,AQS,AQXE,Aquis Exchange,United Kingdom,,,,,,,,,,,False
SHNJ.AQ,ROGUE BARON PLC,,GBP,,,,AQS,AQXE,Aquis Exchange,,,,,,,,,,,,False
SIXH-GB.AQ,600 GROUP,"600 Group PLC is a United Kingdom-based industrial engineering company. The company manufactures and distributes machine tools, precision engineered components, and laser marking systems. It serves a global customer base across various industries.",GBP,Industrials,Capital Goods,,AQS,AQXE,Aquis Exchange,,,,,,,,,,,,False
SJH-GB.AQ,ST JAMES HOUSE PLC,,GBP,,,,AQS,AQXE,Aquis Exchange,,,,,,,,,,,,False
SLN-GB.AQ,SILENCE THERAPEUTI,,GBP,,,,AQS,AQXE,Aquis Exchange,,,,,,,,,,,,False
SLP-GB.AQ,SYLVANIA PLATINUM,,GBP,,,,AQS,AQXE,Aquis Exchange,,,,,,,,,,,,False
SMAP.AQ,ST MARK HOMES PLC,ST MARK HOMES PLC is a residential developer focused on building and selling homes. The company's properties are located in the United Kingdom. It aims to provide high-quality homes in desirable locations.,GBP,Consumer Discretionary,Consumer Services,,AQS,AQXE,Aquis Exchange,United States,,,,,,,,,,,False
SMK.AQ,SAMARKAND GROUP,"Samarkand Group PLC is an e-commerce technology and retail group, providing services and operating brands in the cross-border e-commerce market. It offers solutions for brands to sell directly to consumers in international markets, particularly in China. The company is headquartered in London, UK.",GBP,Information Technology,Software & Services,,AQS,AQXE,Aquis Exchange,,,,,,,,,,,,False
SMS-GB.AQ,SMART METERING SYS,Smart Metering Systems PLC installs and manages smart meters and provides energy management services. The company focuses on helping businesses and homeowners reduce their energy consumption and costs. It is based in the United Kingdom.,GBP,Utilities,Utilities,,AQS,AQXE,Aquis Exchange,,,,,,,,,,,,False
SNOX.AQ,SULNOX GROUP PLC,SULNOX GROUP PLC develops and distributes fuel additives and solutions. The company's products are designed to improve fuel efficiency and reduce emissions. It is based in the United Kingdom.,GBP,Energy,Energy,,AQS,AQXE,Aquis Exchange,United Kingdom,,,,,,,,,,,False
SNWS-GB.AQ,SMITHS NEWS PLC,Smiths News PLC distributes newspapers and magazines to retailers. The company is a major player in the UK wholesale market. It handles distribution for a wide range of publications.,GBP,Consumer Staples,"Food, Beverage & Tobacco",,AQS,AQXE,Aquis Exchange,,,,,,,,,,,,False
SO4-GB.AQ,SALT LAKE POTASH,"Salt Lake Potash Limited is focused on developing potash projects in Western Australia. The company aims to produce sulphate of potash (SOP), a high-value fertilizer. It is involved in exploration and development activities.",GBP,Materials,Materials,,AQS,AQXE,Aquis Exchange,,,,,,,,,,,,False
SPC.AQ,U.K. SPAC PLC,"U.K. SPAC PLC is a special purpose acquisition company incorporated in the United Kingdom. The company is formed to acquire or merge with an existing private company, allowing the private company to become publicly listed without undergoing the traditional IPO process. The SPAC focuses on opportunities within the UK market.",GBP,Real Estate,Real Estate,,AQS,AQXE,Aquis Exchange,Thailand,,,,,,,,,,,False
SPD.AQ,SECURED PROP DEVEL,"Secured Property Developments focuses on secured real estate development projects. The company provides various property development services, with a focus on secure and stable investments. The company is likely based in the United Kingdom.",GBP,Real Estate,Real Estate,,AQS,AQXE,Aquis Exchange,United States,,,,,,US8681681057,868168105,,,,False
SPDI-GB.AQ,SECURE PROPERTY DE,,GBP,,,,AQS,AQXE,Aquis Exchange,,,,,,,,,,,,False
SPO-GB.AQ,SPORTECH,,GBP,,,,AQS,AQXE,Aquis Exchange,,,,,,,,,,,,False
SQZ-GB.AQ,Serica Energy plc,"Serica Energy plc, an upstream oil and gas company, engages in the identification, acquisition, exploration, and exploitation of oil and gas reserves. The company holds 100% interest in the Keith oil fields; 98% interest in the Bruce gas fields; and 50% interest in the Rhum gas fields located in the Northern North Sea, as well as 18% non-operating interest in the Erskine field located in Central North Sea. It also operates the Columbus development, and Skerryvore and Ruvaal prospects located in Central North Sea; and North and South Eigg exploration prospects located in the Northern North Sea. Serica Energy plc was founded in 2004 and is headquartered in Aberdeen, the United Kingdom.",GBP,Energy,Energy,"Oil, Gas & Consumable Fuels",AQS,AQXE,Aquis Exchange,United Kingdom,,Aberdeen,AB15 6BY,http://www.serica-energy.com,Micro Cap,,,,,,False
SREI-GB.AQ,SCHRODER REAL EST,,GBP,,,,AQS,AQXE,Aquis Exchange,,,,,,,,,,,,False
SRES-GB.AQ,SUNRISE RESOURCES,,GBP,,,,AQS,AQXE,Aquis Exchange,,,,,,,,,,,,False
STAF-GB.AQ,STAFFLINE GROUP,"Staffline Group plc is a UK-based staffing and recruitment company. The company provides workforce solutions, including temporary staffing, permanent recruitment, and outsourced services, across various sectors. The company is headquartered in Nottingham, UK.",GBP,Industrials,Commercial & Professional Services,,AQS,AQXE,Aquis Exchange,,,,,,,,,,,,False
STAR-GB.AQ,STARCOM PLC,"Starcom plc is a company involved in the development and distribution of electronic components and sub-systems. The company offers products and services to various industries, including aerospace, defense, and industrial automation. The company is based in the United Kingdom.",GBP,Information Technology,Technology Hardware & Equipment,,AQS,AQXE,Aquis Exchange,,,,,,,,,,,,False
STVG-GB.AQ,STV GROUP,"STV Group is a commercial broadcaster in Scotland, producing and broadcasting content through its television channels and online platforms. The company's business model focuses on generating revenue through advertising, content sales, and production services. STV is headquartered in Glasgow, Scotland.",GBP,Communication Services,Media & Entertainment,,AQS,AQXE,Aquis Exchange,,,,,,,,,,,,False
SVEN.AQ,S-VENTURES PLC,,GBP,,,,AQS,AQXE,Aquis Exchange,United Kingdom,,,,,,,,,,,False
SWEL.AQ,SATIVA WELLNESS GR,"Sativa Wellness Group Inc. is a Canadian wellness company focused on providing a range of products and services including medical cannabis related treatments. They operate a chain of wellness centres and partner with local doctors. The company is headquartered in Vancouver, British Columbia.",GBP,Health Care,"Pharmaceuticals, Biotechnology & Life Sciences",,AQS,AQXE,Aquis Exchange,Canada,,,,,,,,,,,False
SYS-GB.AQ,SYSGROUP PLC,"SYSGROUP PLC is a technology consultancy that delivers IT and digital transformation solutions for businesses. The company provides services including cloud computing, cybersecurity, and application development. SYSGROUP PLC is headquartered in Liverpool, United Kingdom.",GBP,Information Technology,Software & Services,,AQS,AQXE,Aquis Exchange,,,,,,,,,,,,False
TAN-GB.AQ,TANFIELD GROUP,"TANFIELD GROUP is a holding company with interests in various engineering businesses. Historically involved in manufacturing electric vehicles and powered access platforms, the company has undergone restructuring and now focuses on managing existing investments. Its headquarter is in the UK.",GBP,Industrials,Capital Goods,,AQS,AQXE,Aquis Exchange,,,,,,,,,,,,False
TCM-GB.AQ,TELIT COMMUNICATIO,,GBP,,,,AQS,AQXE,Aquis Exchange,,,,,,,,,,,,False
TECH.AQ,TECHFINANCIALS INC,"Techfinancials Inc is a technology company focused on developing and marketing online trading platforms and related technologies. Their main products cater to the financial trading industry, providing solutions for brokers and traders. The company is based in Canada.",GBP,Financials,Diversified Financials,,AQS,AQXE,Aquis Exchange,United States,,,,,,,09073M104,,,,False
TFW-GB.AQ,THORPE(FW),,GBP,,,,AQS,AQXE,Aquis Exchange,,,,,,,,,,,,False
THRU-GB.AQ,THRUVISION GROUP P,"THRUVISION GROUP P is a company that develops and manufactures people-screening technology. Their products can detect concealed objects under clothing, such as explosives or weapons, at a distance. The company is based in the United Kingdom.",GBP,Industrials,Commercial & Professional Services,,AQS,AQXE,Aquis Exchange,,,,,,,,,,,,False
THW.AQ,THWAITES(DANIEL),,GBP,,,,AQS,AQXE,Aquis Exchange,United States,,,,,,,,,,,False
TOM-GB.AQ,TOMCO ENERGY,"TOMCO ENERGY is an energy company focused on the responsible development of energy resources, primarily in the United States. The company focuses on acquiring, developing and operating oil and gas properties. The company is headquartered in Denver, Colorado.",GBP,Energy,Energy,,AQS,AQXE,Aquis Exchange,,,,,,,,,,,,False
TPT-GB.AQ,TOPPS TILES,"TOPPS TILES is a British retailer of ceramic, porcelain, and natural stone tiles, and associated products such as adhesives, grouts, and tools. The company operates a network of stores across the United Kingdom. Its headquarters are located in Leicester, United Kingdom.",GBP,Consumer Discretionary,Retailing,,AQS,AQXE,Aquis Exchange,,,,,,,,,,,,False
TRAF-GB.AQ,TRAFALGAR PROPERTY,TRAFALGAR PROPERTY is a real estate investment company focused on property management and investment. The company specializes in residential and commercial properties. Its headquarters are located in the United Kingdom.,GBP,Real Estate,Real Estate,,AQS,AQXE,Aquis Exchange,,,,,,,,,,,,False
TRB-GB.AQ,TRIBAL GROUP,"TRIBAL GROUP is a company that provides educational services, technology, and consultancy services to the education, training, and learning markets. It offers a range of software and services to support student management, finance, and other administrative functions in educational institutions. The company's headquarters are located in Bristol, United Kingdom.",GBP,Consumer Discretionary,Retailing,,AQS,AQXE,Aquis Exchange,,,,,,,,,,,,False
TRCS-GB.AQ,TRACSIS PLC,"TRACSIS PLC is a technology company providing software and hardware solutions for traffic data collection, road safety analysis, and intelligent transport systems. Their products and services are used by government agencies, transportation authorities, and private sector companies. The company's headquarters are located in the United Kingdom.",GBP,Information Technology,Technology Hardware & Equipment,,AQS,AQXE,Aquis Exchange,,,,,,,,,,,,False
TRI-GB.AQ,TRIFAST,"TRIFAST is a global manufacturer and distributor of engineered fasteners, primarily serving the automotive, electronics, and industrial sectors. They provide a range of fastening solutions, including screws, bolts, nuts, and other components. The company is headquartered in the United Kingdom.",GBP,Industrials,Capital Goods,,AQS,AQXE,Aquis Exchange,,,,,,,,,,,,False
TRT-GB.AQ,TRANSENSE TECHNLGS,"TRANSENSE TECHNLGS likely refers to Transense Technologies plc, a company that develops and manufactures sensor systems. Their products are used for monitoring and controlling various parameters in different industries. The company is headquartered in the United Kingdom.",GBP,Industrials,Capital Goods,,AQS,AQXE,Aquis Exchange,,,,,,,,,,,,False
TSP.AQ,TRUSPINE TECHNOLOG,"TRUSPINE TECHNOLOG may refer to TruSpine Technologies PLC, a medical device company focused on the design, development and commercialization of innovative spinal technologies. They are likely based in Europe. More precise location details are unavailable without additional information.",GBP,Health Care,Health Care Equipment & Services,,AQS,AQXE,Aquis Exchange,United States,,,,,,,,,,,False
TTAU.AQ,TECTONIC GOLD PLC,"Tectonic Gold Plc is a gold exploration company focused on projects in Queensland, Australia. The company explores and evaluates mineral properties with the aim of discovering and developing economically viable gold deposits. Tectonic Gold Plc is headquartered in London, United Kingdom.",GBP,Materials,Materials,,AQS,AQXE,Aquis Exchange,,,,,,,,,,,,False
TYMN-GB.AQ,TYMAN PLC,,GBP,,,,AQS,AQXE,Aquis Exchange,,,,,,,,,,,,True
UJO-GB.AQ,UNION JACK OIL PLC,UNION JACK OIL PLC is an onshore oil and gas exploration and production company focused on projects in the United Kingdom. They invest in and operate a portfolio of UK-based hydrocarbon assets. The company is headquartered in the UK.,GBP,Energy,Energy,,AQS,AQXE,Aquis Exchange,,,,,,,,,,,,False
UKR-GB.AQ,UKRPRODUCT GROUP,,GBP,,,,AQS,AQXE,Aquis Exchange,,,,,,,,,,,,False
VGAS-GB.AQ,,,,,,,AQS,AQXE,Aquis Exchange,,,,,,,,,,,,False
VLRM.AQ,VALEREUM BLOCKCHAI,,GBP,,,,AQS,AQXE,Aquis Exchange,Gibraltar,,,,,,,,,,,False
VLS-GB.AQ,Velocys plc,"Velocys plc operates as a sustainable fuels technology company. It designs, develops, and licenses its Fischer-Tropsch technology for the generation of clean, low carbon, synthetic drop-in aviation and road transport fuel from municipal solid waste and residual woody biomass plants. The company has a collaboration with British Airways and Shell for the development of a waste-to-jet-fuel project in the United Kingdom. It has operations in the United States, the United Kingdom, and the Asia Pacific. The company was formerly known as Oxford Catalysts Group PLC and changed its name to Velocys plc in September 2013. Velocys plc was incorporated in 2006 and is headquartered in Oxford, the United Kingdom.",GBP,Energy,Energy,Energy Equipment & Services,AQS,AQXE,Aquis Exchange,United Kingdom,,Oxford,OX4 4GA,http://www.velocys.com,Micro Cap,GB00B11SZ269,,,,,True
VLX-GB.AQ,VOLEX PLC,"VOLEX PLC is a global manufacturer of power cords and cable assemblies. The company supplies products to a variety of industries, including consumer electronics, medical equipment, and data centers. The company is headquartered in the United Kingdom.",GBP,Industrials,Capital Goods,,AQS,AQXE,Aquis Exchange,,,,,,,,,,,,False
VOF-GB.AQ,VINACAPITAL VIETNA,Vinacapital Vietnam Opportunity Fund Limited is a closed-end fund that invests primarily in companies operating in Vietnam. The fund's objective is to provide investors with long-term capital appreciation. The fund is managed by VinaCapital Fund Management Limited.,GBP,Financials,Diversified Financials,,AQS,AQXE,Aquis Exchange,,,,,,,,,,,,False
VOG-GB.AQ,VICTORIA OIL & GAS,Victoria Oil & Gas is an oil and gas exploration and production company. The company is focused on developing its gas assets in Cameroon. The company is based in London.,GBP,Energy,Energy,,AQS,AQXE,Aquis Exchange,,,,,,,,,,,,False
VP-GB.AQ,VP,,GBP,,,,AQS,AQXE,Aquis Exchange,,,,,,,,,,,,False
VRS-GB.AQ,Versarien plc,"Versarien plc, an engineering materials company, provides engineering solutions for various industry sectors in the United Kingdom, rest of Europe, North America, and internationally. The company operates in two segments, Graphene and Plastic Products, and Hard Wear and Metallic Products. The Graphene and Plastic Products segment offers graphene products, such as Nanene, a few-layer graphene; Polygrene, a graphene enhanced polymer; Hexotene, a few-layer hexagonal boron nitride nano-platelet powder; and graphene-based nanomaterials for energy storage devices, as well as a range of electrically conductive graphene inks for various printing processes, substrates, and applications under the Graphinks name. The Hard Wear and Metallic Products segment provides graphene enhanced plastic products, including graphene enhanced mobile accessories, injection molding products, tool boxes, transit trays, PU foam tanks, and vacuum forming products. This segment also offers sintered tungsten carbide products comprising special inserts and blanks, cutting knives, wear-resistant parts, nozzles and valve inserts for flow control, and defense and aerospace tungsten carbide parts for use in arduous environmental applications; and micro-porous metals for the thermal management industry, as well as supplies extruded aluminum products, such as aluminum industrial products and aluminum heat sinks. It also manufactures, sells, and supplies antibacterial and anti-viral masks; and hospital beds and cot mattress panels, as well as visors. The company was founded in 2010 and is headquartered in Cheltenham, the United Kingdom.",GBP,Materials,Materials,Chemicals,AQS,AQXE,Aquis Exchange,United Kingdom,,Cheltenham,GL51 9LT,http://www.versarien.com,Micro Cap,GB00B8YZTJ80,,,,,True
VTC-GB.AQ,VITEC GROUP PLC,"Vitec Group plc is a global provider of products and services for the broadcast and photographic markets. They design, manufacture, and distribute high-performance equipment and software. The company is headquartered in the UK.",GBP,Industrials,Capital Goods,,AQS,AQXE,Aquis Exchange,,,,,,,,,,,,False
VTU-GB.AQ,VERTU MOTORS PLC,"Vertu Motors PLC is a UK-based automotive retailer. The company operates a network of franchised dealerships throughout the UK. Vertu Motors sells new and used vehicles, as well as provides aftersales services.",GBP,Consumer Discretionary,Automobiles & Components,,AQS,AQXE,Aquis Exchange,,,,,,,,,,,,False
VULC.AQ,VULCAN INDUSTRIES,,GBP,,,,AQS,AQXE,Aquis Exchange,United States,,,,,,,,,,,False
VVV.AQ,VENI VIDI VICI LTD,,GBP,,,,AQS,AQXE,Aquis Exchange,United States,,,,,,,92047W101,,,,False
WAFR.AQ,WALLS & FUTURES RE,,GBP,,,,AQS,AQXE,Aquis Exchange,,,,,,,,,,,,False
WAND-GB.AQ,WANdisco plc,"WANdisco plc engages in the development and provision of collaboration software in North America, Europe, and internationally. It offers WANdisco Fusion, an enterprise-class software platform that transfers data across various environments with guaranteed consistency, no downtime, no outages, and no risk; and DConE, a high-performance coordination engine able to work across wide-area networks. The company also offers LiveMigrator, a cloud migration tool to initiate a transfer of data from one cluster to another; LiveData Cloud Services for Azureto to facilitate petabyte scale cloud migration without business interruption; LiveAnalytics, an automated data and metadata replication solution; Apache Hive, a data warehouse system that allows easy data querying, analysis, and reporting of massive datasets distributed across various systems, file stores, and databases; Apache Ranger, which provides centralized security administration, fine-grained authorization, and centralized auditing within a single cluster; and Apache Sentry to control and enforce privileges on data for authenticated users and applications. In addition, it offers cloud analytics, hybrid cloud, multi cloud, and recovery solutions. WANdisco plc was founded in 2005 and is headquartered in Sheffield, the United Kingdom.",GBP,Information Technology,Software & Services,Software,AQS,AQXE,Aquis Exchange,United Kingdom,,Sheffield,S3 8LN,http://www.wandisco.com,Small Cap,JE00B6Y3DV84,,BBG01GVTNJY1,BBG01GVTNJX2,BBG002ZPXXM8,True
WEN-GB.AQ,two,"two is a blank check company. The company was incorporated in 2021 and is based in San Francisco, California.",GBP,Financials,Diversified Financials,Diversified Financial Services,AQS,AQXE,Aquis Exchange,United States,CA,San Francisco,94129,http://www.sz000004.cn,Micro Cap,,,,,,True
WESP.AQ,WESTERN SELECTION,,GBP,,,,AQS,AQXE,Aquis Exchange,,,,,,,,,,,,False
WHLP.AQ,WHEELSURE HOLDINGS,,GBP,,,,AQS,AQXE,Aquis Exchange,,,,,,,,,,,,False
WIN-GB.AQ,WINCANTON,"Wincanton provides supply chain solutions and logistics services to businesses in the UK and Ireland. The company offers a range of services including warehousing, transportation, and distribution across various sectors. Wincanton is headquartered in Chippenham, UK.",GBP,Industrials,Transportation,,AQS,AQXE,Aquis Exchange,,,,,,,,,,,,False
WINE-GB.AQ,Naked Wines plc,"Naked Wines plc, together with its subsidiaries, engages in the retailing of wines, beers, and spirits in the United Kingdom, the United States, and Australia. The company offers its products online. It also engages in the trust and funding businesses. The company was formerly known as Majestic Wine plc and changed its name to Naked Wines plc in August 2019. Naked Wines plc was founded in 1980 and is based in Norwich, the United Kingdom.",GBP,Consumer Staples,"Food, Beverage & Tobacco",Beverages,AQS,AQXE,Aquis Exchange,United Kingdom,,Norwich,NR2 1RP,http://www.nakedwinesplc.co.uk,Small Cap,,,,,,False
WINK-GB.AQ,M WINKWORTH PLC,"M Winkworth PLC is a UK-based property franchise company. It operates a network of independently owned estate agencies that provide residential sales and lettings services. The company is headquartered in London, UK.",GBP,Real Estate,Real Estate,,AQS,AQXE,Aquis Exchange,,,,,,,,,,,,False
WSBN.AQ,Wishbone Gold PLC,,GBP,,,,AQS,AQXE,Aquis Exchange,United States,,,,,,,,,,,False
WSP-GB.AQ,WYNNSTAY PROPS,"WYNNSTAY PROPS is likely Wynnstay Properties Plc, a property investment company. The company invests in and manages commercial properties. It aims to generate income and capital appreciation through its property portfolio.",GBP,Real Estate,Real Estate,,AQS,AQXE,Aquis Exchange,,,,,,,,,,,,False
WTG-GB.AQ,,,GBP,,,,AQS,AQXE,Aquis Exchange,United States,,,,,,,,,,,False
WTG.AQ,Watchstone Group PLC,,GBP,,,,AQS,AQXE,Aquis Exchange,United States,,,,,,,,,,,False
XAR-GB.AQ,XAAR,,GBP,,,,AQS,AQXE,Aquis Exchange,,,,,,,,,,,,False
YNGA-GB.AQ,YOUNG & CO BREWERY,"YOUNG & CO BREWERY is a British pub operator and brewer. The company owns and operates a managed house estate of pubs and hotels, predominantly in London and the South East of England, and brews and sells beer. The company is based in London, UK.",GBP,Consumer Discretionary,Consumer Services,,AQS,AQXE,Aquis Exchange,,,,,,,,,,,,False
YOU-GB.AQ,YOUGOV,"YouGov is an international research and data analytics group. It provides market research, public opinion polling, and data analysis services to businesses, governments, and institutions. The company is headquartered in London, UK.",GBP,Information Technology,Software & Services,,AQS,AQXE,Aquis Exchange,,,,,,,,,,,,False
ZAM-GB.AQ,ZAMBEEF PRODUCTS,"Zambeef Products PLC is one of the largest integrated agribusinesses in Zambia, involved in the production, processing, distribution, and retailing of beef, chicken, pork, milk, dairy products, eggs, stock feed, and flour. It operates a vertically integrated business model from primary agriculture to retail. The company is headquartered in Lusaka, Zambia.",GBP,Consumer Staples,"Food, Beverage & Tobacco",,AQS,AQXE,Aquis Exchange,,,,,,,,,,,,False
ZIOC-GB.AQ,ZANAGA IRON ORE CO,Zanaga Iron Ore Co Ltd is focused on the development of the Zanaga Iron Ore Project in the Republic of Congo. The company is engaged in the exploration and evaluation of iron ore resources. The project aims to develop a large-scale integrated iron ore mine and infrastructure.,GBP,Materials,Materials,,AQS,AQXE,Aquis Exchange,,,,,,,,,,,,False
ZOL-GB.AQ,ZOLTAV RESOURCES,"ZOLTAV RESOURCES is an oil and gas exploration and production company, formerly focused on assets in Ukraine. The company explored and developed oil and gas fields. The company's current status and operations may have changed since its delisting from the London Stock Exchange.",GBP,Energy,Energy,,AQS,AQXE,Aquis Exchange,,,,,,,,,,,,False
